img_0_0.png,0
img_100_4.png,1
img_101_4.png,1
img_102_4.png,1
img_103_4.png,1
img_104_4.png,1
img_105_4.png,0
img_106_4.png,0
img_107_4.png,0
img_108_4.png,0
img_109_4.png,0
img_10_0.png,0
img_110_4.png,0
img_111_4.png,0
img_112_4.png,0
img_113_4.png,0
img_114_4.png,0
img_115_4.png,0
img_116_4.png,0
img_117_4.png,0
img_118_4.png,0
img_119_4.png,0
img_11_0.png,0
img_120_4.png,0
img_121_4.png,0
img_122_4.png,0
img_123_0.png,0
img_124_0.png,0
img_125_0.png,0
img_126_0.png,0
img_127_0.png,0
img_128_0.png,0
img_129_0.png,0
img_12_0.png,0
img_130_0.png,0
img_131_0.png,0
img_132_0.png,0
img_133_0.png,0
img_134_0.png,0
img_135_0.png,0
img_136_0.png,0
img_137_0.png,0
img_138_0.png,0
img_139_0.png,0
img_13_0.png,0
img_140_0.png,0
img_141_0.png,0
img_142_0.png,0
img_143_0.png,0
img_144_0.png,0
img_145_0.png,0
img_146_0.png,0
img_147_0.png,0
img_148_0.png,0
img_149_0.png,0
img_14_0.png,0
img_150_0.png,0
img_151_0.png,0
img_152_0.png,0
img_153_0.png,0
img_154_0.png,0
img_155_0.png,0
img_156_0.png,0
img_157_0.png,0
img_158_4.png,0
img_159_4.png,0
img_15_0.png,0
img_160_4.png,2
img_161_4.png,2
img_162_4.png,2
img_163_4.png,2
img_164_4.png,2
img_165_4.png,2
img_166_4.png,2
img_167_4.png,2
img_168_4.png,2
img_169_4.png,2
img_16_0.png,0
img_170_4.png,2
img_171_4.png,2
img_172_4.png,2
img_173_4.png,2
img_174_4.png,2
img_175_4.png,2
img_176_4.png,2
img_177_4.png,2
img_178_4.png,2
img_179_4.png,2
img_17_0.png,0
img_180_4.png,2
img_181_4.png,1
img_182_4.png,1
img_183_4.png,1
img_184_4.png,1
img_185_4.png,1
img_186_4.png,1
img_187_4.png,1
img_188_4.png,1
img_189_4.png,1
img_18_0.png,0
img_190_4.png,1
img_191_4.png,1
img_192_4.png,1
img_193_1.png,1
img_194_1.png,1
img_195_1.png,1
img_196_1.png,1
img_197_1.png,1
img_198_1.png,1
img_199_1.png,1
img_19_0.png,0
img_1_0.png,0
img_200_1.png,1
img_201_0.png,0
img_202_0.png,0
img_203_0.png,0
img_204_0.png,0
img_205_0.png,0
img_206_0.png,0
img_207_0.png,0
img_208_0.png,0
img_209_0.png,0
img_20_0.png,0
img_210_0.png,0
img_211_0.png,0
img_212_0.png,0
img_213_0.png,0
img_214_0.png,0
img_215_0.png,0
img_216_0.png,0
img_217_0.png,0
img_218_0.png,0
img_219_0.png,0
img_21_0.png,0
img_220_0.png,0
img_221_4.png,0
img_222_4.png,0
img_223_4.png,0
img_224_4.png,0
img_225_4.png,0
img_226_4.png,0
img_227_4.png,0
img_228_4.png,0
img_229_4.png,0
img_22_0.png,0
img_230_4.png,0
img_231_4.png,0
img_232_4.png,0
img_233_4.png,0
img_234_4.png,0
img_235_4.png,0
img_236_4.png,0
img_237_4.png,0
img_238_4.png,0
img_239_4.png,0
img_23_0.png,0
img_240_4.png,0
img_241_4.png,0
img_242_4.png,0
img_243_4.png,0
img_244_4.png,0
img_245_4.png,0
img_246_4.png,0
img_247_0.png,0
img_248_0.png,0
img_249_0.png,0
img_24_0.png,0
img_250_0.png,0
img_251_0.png,0
img_252_0.png,0
img_253_0.png,0
img_254_0.png,0
img_255_0.png,0
img_256_0.png,0
img_257_0.png,0
img_258_0.png,0
img_259_0.png,0
img_25_0.png,0
img_260_0.png,0
img_261_0.png,0
img_262_0.png,0
img_263_0.png,0
img_264_0.png,0
img_265_0.png,0
img_266_0.png,0
img_267_0.png,0
img_268_0.png,0
img_269_0.png,0
img_26_0.png,0
img_270_0.png,0
img_271_0.png,0
img_272_0.png,0
img_273_0.png,0
img_274_0.png,0
img_275_0.png,0
img_276_0.png,0
img_277_0.png,0
img_278_0.png,0
img_279_0.png,0
img_27_0.png,0
img_280_0.png,0
img_281_0.png,0
img_282_4.png,0
img_283_4.png,0
img_284_4.png,0
img_285_4.png,0
img_286_4.png,0
img_287_4.png,0
img_288_4.png,0
img_289_4.png,0
img_28_0.png,0
img_290_4.png,0
img_291_4.png,0
img_292_4.png,0
img_293_4.png,0
img_294_4.png,0
img_295_4.png,0
img_296_4.png,0
img_297_4.png,0
img_298_4.png,0
img_299_4.png,0
img_29_0.png,0
img_2_0.png,0
img_300_4.png,0
img_301_4.png,0
img_302_4.png,0
img_303_4.png,0
img_304_4.png,0
img_305_4.png,0
img_306_4.png,0
img_307_4.png,0
img_308_4.png,0
img_309_4.png,0
img_30_0.png,0
img_310_4.png,0
img_311_4.png,0
img_312_0.png,0
img_313_0.png,0
img_314_0.png,0
img_315_0.png,0
img_316_0.png,0
img_317_0.png,0
img_318_0.png,0
img_319_0.png,0
img_31_0.png,0
img_320_0.png,0
img_321_0.png,0
img_322_0.png,0
img_323_0.png,0
img_324_0.png,0
img_325_0.png,0
img_326_0.png,0
img_327_0.png,0
img_328_0.png,0
img_329_0.png,0
img_32_4.png,0
img_330_0.png,0
img_331_0.png,0
img_332_0.png,0
img_333_0.png,0
img_334_0.png,0
img_335_0.png,0
img_336_0.png,0
img_337_0.png,0
img_338_0.png,0
img_339_0.png,0
img_33_4.png,4
img_340_0.png,0
img_341_0.png,0
img_342_0.png,0
img_343_0.png,0
img_344_0.png,0
img_345_0.png,0
img_346_4.png,0
img_34_4.png,0
img_35_4.png,0
img_36_4.png,0
img_37_4.png,0
img_38_4.png,0
img_39_4.png,0
img_3_0.png,0
img_40_4.png,0
img_41_4.png,0
img_42_4.png,0
img_43_4.png,0
img_44_4.png,0
img_45_4.png,0
img_46_4.png,0
img_47_4.png,0
img_48_4.png,0
img_49_4.png,0
img_4_0.png,0
img_50_4.png,0
img_51_4.png,0
img_52_4.png,0
img_53_4.png,0
img_54_4.png,0
img_55_4.png,0
img_56_4.png,0
img_57_4.png,0
img_58_4.png,0
img_59_4.png,0
img_5_0.png,0
img_60_4.png,0
img_61_4.png,0
img_62_4.png,0
img_63_0.png,0
img_64_0.png,0
img_65_0.png,0
img_66_4.png,0
img_67_0.png,0
img_68_0.png,0
img_69_0.png,0
img_6_0.png,0
img_70_0.png,0
img_71_4.png,0
img_72_0.png,0
img_73_0.png,0
img_74_0.png,0
img_75_0.png,0
img_76_0.png,0
img_77_0.png,0
img_78_0.png,0
img_79_0.png,0
img_7_0.png,0
img_80_0.png,0
img_81_4.png,0
img_82_4.png,0
img_83_4.png,0
img_84_4.png,0
img_85_4.png,0
img_86_4.png,0
img_87_4.png,0
img_88_4.png,0
img_89_4.png,0
img_8_0.png,0
img_90_4.png,0
img_91_4.png,0
img_92_4.png,0
img_93_4.png,0
img_94_0.png,0
img_95_4.png,0
img_96_4.png,0
img_97_4.png,1
img_98_4.png,1
img_99_4.png,1
img_9_0.png,0
